Pilhas Dinâmicas,Filas de Prioridade,Listas Dinâmicas Duplamente Encadeadas Circulares,Recursividade,Listas Estáticas Circulares,Listas Estáticas Sequenciais,Listas,Aplicações de Pilhas,Pilhas Estáticas,Listas Dinâmicas,Listas Estáticas Encadeadas,Listas Estáticas,Árvores Binárias de Busca,Listas Dinâmicas Duplamente Encadeadas,Listas Dinâmicas Simplesmente Encadeadas,Pilhas,Filas Estáticas,Filas,Listas Dinâmicas Simplesmente Encadeadas Circulares,Filas Dinâmicas,Percursos em Árvores Binárias,Tipos Abstratos de Dados,Árvores BInárias de Busca Balanceadas,Árvores Binárias,Aplicações de Filas
Árvores Binárias de Busca,Listas Dinâmicas Simplesmente Encadeadas Circulares,Árvores Binárias,Pilhas Estáticas,Listas Estáticas,Listas,Listas Estáticas Encadeadas,Percursos em Árvores Binárias,Listas Dinâmicas Duplamente Encadeadas Circulares,Aplicações de Filas,Árvores BInárias de Busca Balanceadas,Filas Dinâmicas,Pilhas Dinâmicas,Aplicações de Pilhas,Filas de Prioridade,Pilhas,Filas,Listas Dinâmicas Duplamente Encadeadas,Listas Dinâmicas Simplesmente Encadeadas,Recursividade,Listas Estáticas Circulares,Listas Dinâmicas,Filas Estáticas,Tipos Abstratos de Dados,Listas Estáticas Sequenciais
Pilhas Dinâmicas,Listas,Tipos Abstratos de Dados,Árvores BInárias de Busca Balanceadas,Árvores Binárias de Busca,Listas Dinâmicas Duplamente Encadeadas,Listas Dinâmicas Duplamente Encadeadas Circulares,Recursividade,Listas Estáticas Sequenciais,Listas Estáticas Circulares,Aplicações de Pilhas,Filas Estáticas,Filas de Prioridade,Filas Dinâmicas,Listas Estáticas Encadeadas,Listas Dinâmicas,Pilhas,Árvores Binárias,Aplicações de Filas,Pilhas Estáticas,Listas Dinâmicas Simplesmente Encadeadas,Filas,Listas Dinâmicas Simplesmente Encadeadas Circulares,Listas Estáticas,Percursos em Árvores Binárias
Listas Dinâmicas Simplesmente Encadeadas,Listas Dinâmicas Duplamente Encadeadas Circulares,Percursos em Árvores Binárias,Listas Dinâmicas Simplesmente Encadeadas Circulares,Listas Dinâmicas Duplamente Encadeadas,Árvores Binárias de Busca,Filas Dinâmicas,Tipos Abstratos de Dados,Pilhas Estáticas,Aplicações de Pilhas,Listas Estáticas,Árvores BInárias de Busca Balanceadas,Listas,Listas Estáticas Circulares,Filas de Prioridade,Filas,Listas Estáticas Encadeadas,Árvores Binárias,Listas Estáticas Sequenciais,Recursividade,Pilhas,Pilhas Dinâmicas,Filas Estáticas,Aplicações de Filas,Listas Dinâmicas
Pilhas,Filas de Prioridade,Listas Dinâmicas Simplesmente Encadeadas,Recursividade,Aplicações de Pilhas,Árvores Binárias,Listas Dinâmicas Duplamente Encadeadas,Aplicações de Filas,Listas Estáticas Sequenciais,Listas Estáticas Encadeadas,Filas Estáticas,Percursos em Árvores Binárias,Listas Dinâmicas Duplamente Encadeadas Circulares,Listas Estáticas,Filas Dinâmicas,Pilhas Dinâmicas,Tipos Abstratos de Dados,Listas Dinâmicas Simplesmente Encadeadas Circulares,Listas Estáticas Circulares,Árvores BInárias de Busca Balanceadas,Árvores Binárias de Busca,Listas Dinâmicas,Filas,Listas,Pilhas Estáticas
Árvores BInárias de Busca Balanceadas,Aplicações de Pilhas,Recursividade,Pilhas Estáticas,Árvores Binárias,Listas Estáticas Circulares,Tipos Abstratos de Dados,Listas Estáticas,Filas Dinâmicas,Pilhas Dinâmicas,Listas Estáticas Sequenciais,Listas Dinâmicas Duplamente Encadeadas Circulares,Listas Dinâmicas Simplesmente Encadeadas Circulares,Árvores Binárias de Busca,Listas Estáticas Encadeadas,Listas Dinâmicas Duplamente Encadeadas,Aplicações de Filas,Filas,Listas Dinâmicas,Listas Dinâmicas Simplesmente Encadeadas,Percursos em Árvores Binárias,Pilhas,Filas Estáticas,Filas de Prioridade,Listas
Filas Dinâmicas,Filas,Árvores Binárias de Busca,Pilhas,Listas Estáticas Encadeadas,Aplicações de Pilhas,Árvores Binárias,Listas,Pilhas Dinâmicas,Filas de Prioridade,Aplicações de Filas,Listas Estáticas,Pilhas Estáticas,Listas Dinâmicas Duplamente Encadeadas Circulares,Listas Dinâmicas Simplesmente Encadeadas Circulares,Listas Dinâmicas Duplamente Encadeadas,Listas Dinâmicas Simplesmente Encadeadas,Listas Estáticas Sequenciais,Recursividade,Filas Estáticas,Percursos em Árvores Binárias,Listas Dinâmicas,Listas Estáticas Circulares,Tipos Abstratos de Dados,Árvores BInárias de Busca Balanceadas
Filas Dinâmicas,Árvores Binárias,Listas Dinâmicas,Listas Estáticas,Listas Estáticas Sequenciais,Aplicações de Pilhas,Árvores BInárias de Busca Balanceadas,Pilhas Estáticas,Listas Estáticas Circulares,Aplicações de Filas,Listas Dinâmicas Simplesmente Encadeadas Circulares,Filas de Prioridade,Listas,Filas Estáticas,Pilhas,Tipos Abstratos de Dados,Listas Dinâmicas Simplesmente Encadeadas,Percursos em Árvores Binárias,Árvores Binárias de Busca,Listas Dinâmicas Duplamente Encadeadas,Listas Dinâmicas Duplamente Encadeadas Circulares,Recursividade,Filas,Pilhas Dinâmicas,Listas Estáticas Encadeadas
Filas,Listas Dinâmicas Duplamente Encadeadas Circulares,Listas Estáticas,Listas Dinâmicas,Listas Estáticas Sequenciais,Pilhas Estáticas,Aplicações de Pilhas,Listas,Listas Estáticas Circulares,Pilhas Dinâmicas,Árvores Binárias,Listas Dinâmicas Simplesmente Encadeadas Circulares,Pilhas,Listas Dinâmicas Duplamente Encadeadas,Árvores BInárias de Busca Balanceadas,Árvores Binárias de Busca,Listas Dinâmicas Simplesmente Encadeadas,Recursividade,Filas Estáticas,Tipos Abstratos de Dados,Aplicações de Filas,Listas Estáticas Encadeadas,Filas de Prioridade,Percursos em Árvores Binárias,Filas Dinâmicas
Listas Estáticas Encadeadas,Tipos Abstratos de Dados,Aplicações de Pilhas,Listas Estáticas Sequenciais,Aplicações de Filas,Filas,Listas Estáticas,Árvores Binárias de Busca,Listas Estáticas Circulares,Árvores BInárias de Busca Balanceadas,Pilhas Dinâmicas,Listas Dinâmicas,Listas,Filas Estáticas,Listas Dinâmicas Duplamente Encadeadas,Filas Dinâmicas,Recursividade,Pilhas Estáticas,Listas Dinâmicas Simplesmente Encadeadas,Pilhas,Árvores Binárias,Percursos em Árvores Binárias,Listas Dinâmicas Duplamente Encadeadas Circulares,Filas de Prioridade,Listas Dinâmicas Simplesmente Encadeadas Circulares
Aplicações de Filas,Listas Dinâmicas Simplesmente Encadeadas,Listas Dinâmicas Duplamente Encadeadas,Pilhas,Listas Dinâmicas,Listas Estáticas,Listas Dinâmicas Duplamente Encadeadas Circulares,Listas,Percursos em Árvores Binárias,Filas de Prioridade,Aplicações de Pilhas,Recursividade,Árvores Binárias de Busca,Listas Estáticas Encadeadas,Filas Dinâmicas,Tipos Abstratos de Dados,Árvores BInárias de Busca Balanceadas,Pilhas Dinâmicas,Listas Estáticas Circulares,Pilhas Estáticas,Filas,Listas Dinâmicas Simplesmente Encadeadas Circulares,Listas Estáticas Sequenciais,Árvores Binárias,Filas Estáticas
Recursividade,Listas Dinâmicas Duplamente Encadeadas,Percursos em Árvores Binárias,Listas Estáticas Sequenciais,Filas Estáticas,Filas Dinâmicas,Pilhas,Árvores Binárias,Tipos Abstratos de Dados,Listas Dinâmicas,Listas Dinâmicas Simplesmente Encadeadas,Árvores BInárias de Busca Balanceadas,Árvores Binárias de Busca,Listas Estáticas,Aplicações de Filas,Filas,Listas Dinâmicas Duplamente Encadeadas Circulares,Pilhas Estáticas,Listas Estáticas Encadeadas,Listas Estáticas Circulares,Filas de Prioridade,Aplicações de Pilhas,Listas Dinâmicas Simplesmente Encadeadas Circulares,Listas,Pilhas Dinâmicas
Listas Dinâmicas Duplamente Encadeadas Circulares,Listas,Listas Dinâmicas Simplesmente Encadeadas Circulares,Aplicações de Filas,Filas Dinâmicas,Tipos Abstratos de Dados,Pilhas Dinâmicas,Listas Dinâmicas,Aplicações de Pilhas,Árvores Binárias,Listas Estáticas Sequenciais,Filas Estáticas,Filas,Listas Dinâmicas Duplamente Encadeadas,Árvores BInárias de Busca Balanceadas,Pilhas,Recursividade,Listas Estáticas Circulares,Listas Dinâmicas Simplesmente Encadeadas,Listas Estáticas,Filas de Prioridade,Listas Estáticas Encadeadas,Pilhas Estáticas,Árvores Binárias de Busca,Percursos em Árvores Binárias
Listas Dinâmicas Duplamente Encadeadas,Listas Estáticas Encadeadas,Listas Dinâmicas Simplesmente Encadeadas,Recursividade,Tipos Abstratos de Dados,Árvores Binárias,Árvores BInárias de Busca Balanceadas,Listas,Listas Estáticas Sequenciais,Árvores Binárias de Busca,Listas Estáticas Circulares,Listas Dinâmicas Duplamente Encadeadas Circulares,Listas Estáticas,Pilhas Estáticas,Filas Estáticas,Pilhas,Filas Dinâmicas,Filas,Percursos em Árvores Binárias,Aplicações de Pilhas,Aplicações de Filas,Pilhas Dinâmicas,Listas Dinâmicas,Filas de Prioridade,Listas Dinâmicas Simplesmente Encadeadas Circulares
Árvores BInárias de Busca Balanceadas,Árvores Binárias de Busca,Aplicações de Filas,Aplicações de Pilhas,Filas Dinâmicas,Listas Estáticas Encadeadas,Pilhas Dinâmicas,Árvores Binárias,Listas Estáticas Sequenciais,Percursos em Árvores Binárias,Listas Estáticas Circulares,Listas Dinâmicas Duplamente Encadeadas,Tipos Abstratos de Dados,Filas Estáticas,Recursividade,Pilhas,Listas Dinâmicas Simplesmente Encadeadas Circulares,Filas de Prioridade,Pilhas Estáticas,Listas,Listas Dinâmicas,Listas Dinâmicas Simplesmente Encadeadas,Listas Dinâmicas Duplamente Encadeadas Circulares,Filas,Listas Estáticas
Listas,Filas,Listas Estáticas Sequenciais,Listas Dinâmicas Duplamente Encadeadas,Listas Dinâmicas Simplesmente Encadeadas Circulares,Filas Estáticas,Árvores BInárias de Busca Balanceadas,Listas Dinâmicas Simplesmente Encadeadas,Filas de Prioridade,Aplicações de Filas,Pilhas,Listas Dinâmicas,Árvores Binárias de Busca,Listas Dinâmicas Duplamente Encadeadas Circulares,Percursos em Árvores Binárias,Listas Estáticas Circulares,Listas Estáticas Encadeadas,Árvores Binárias,Aplicações de Pilhas,Filas Dinâmicas,Tipos Abstratos de Dados,Pilhas Dinâmicas,Pilhas Estáticas,Listas Estáticas,Recursividade
Pilhas Dinâmicas,Pilhas Estáticas,Aplicações de Pilhas,Listas Dinâmicas Duplamente Encadeadas Circulares,Listas Estáticas Sequenciais,Listas Dinâmicas,Listas Estáticas Circulares,Árvores BInárias de Busca Balanceadas,Filas de Prioridade,Filas Estáticas,Listas,Pilhas,Filas Dinâmicas,Percursos em Árvores Binárias,Árvores Binárias,Listas Estáticas Encadeadas,Aplicações de Filas,Filas,Recursividade,Listas Dinâmicas Simplesmente Encadeadas Circulares,Tipos Abstratos de Dados,Listas Dinâmicas Duplamente Encadeadas,Listas Dinâmicas Simplesmente Encadeadas,Árvores Binárias de Busca,Listas Estáticas
Listas Dinâmicas Simplesmente Encadeadas,Pilhas Dinâmicas,Árvores Binárias de Busca,Listas Dinâmicas,Árvores Binárias,Listas Estáticas Sequenciais,Pilhas,Listas Dinâmicas Duplamente Encadeadas,Filas Dinâmicas,Aplicações de Filas,Filas,Pilhas Estáticas,Aplicações de Pilhas,Listas Estáticas Encadeadas,Listas Estáticas Circulares,Listas Dinâmicas Simplesmente Encadeadas Circulares,Filas de Prioridade,Tipos Abstratos de Dados,Filas Estáticas,Recursividade,Listas,Árvores BInárias de Busca Balanceadas,Listas Estáticas,Percursos em Árvores Binárias,Listas Dinâmicas Duplamente Encadeadas Circulares
Filas Dinâmicas,Listas Estáticas,Recursividade,Percursos em Árvores Binárias,Pilhas,Listas Dinâmicas Duplamente Encadeadas,Árvores Binárias,Tipos Abstratos de Dados,Árvores BInárias de Busca Balanceadas,Pilhas Dinâmicas,Pilhas Estáticas,Listas Estáticas Encadeadas,Filas de Prioridade,Listas Dinâmicas Simplesmente Encadeadas,Árvores Binárias de Busca,Listas,Listas Dinâmicas Simplesmente Encadeadas Circulares,Aplicações de Filas,Listas Estáticas Circulares,Listas Dinâmicas Duplamente Encadeadas Circulares,Filas Estáticas,Listas Dinâmicas,Filas,Aplicações de Pilhas,Listas Estáticas Sequenciais
Aplicações de Filas,Pilhas Estáticas,Pilhas Dinâmicas,Tipos Abstratos de Dados,Filas Estáticas,Listas Estáticas Sequenciais,Pilhas,Aplicações de Pilhas,Listas Dinâmicas Duplamente Encadeadas Circulares,Filas de Prioridade,Recursividade,Listas Estáticas Encadeadas,Listas Dinâmicas Duplamente Encadeadas,Percursos em Árvores Binárias,Filas Dinâmicas,Árvores BInárias de Busca Balanceadas,Árvores Binárias,Listas Dinâmicas Simplesmente Encadeadas,Árvores Binárias de Busca,Listas,Listas Estáticas,Filas,Listas Dinâmicas,Listas Estáticas Circulares,Listas Dinâmicas Simplesmente Encadeadas Circulares
Árvores Binárias,Árvores BInárias de Busca Balanceadas,Listas,Filas,Listas Estáticas,Listas Dinâmicas Simplesmente Encadeadas Circulares,Listas Dinâmicas,Filas Dinâmicas,Recursividade,Filas de Prioridade,Listas Dinâmicas Simplesmente Encadeadas,Árvores Binárias de Busca,Filas Estáticas,Pilhas Dinâmicas,Listas Estáticas Circulares,Percursos em Árvores Binárias,Pilhas,Aplicações de Filas,Listas Estáticas Encadeadas,Tipos Abstratos de Dados,Listas Estáticas Sequenciais,Aplicações de Pilhas,Pilhas Estáticas,Listas Dinâmicas Duplamente Encadeadas,Listas Dinâmicas Duplamente Encadeadas Circulares
Listas Dinâmicas Simplesmente Encadeadas Circulares,Listas,Filas Dinâmicas,Aplicações de Filas,Filas,Listas Estáticas Encadeadas,Listas Dinâmicas Simplesmente Encadeadas,Listas Dinâmicas Duplamente Encadeadas,Listas Dinâmicas Duplamente Encadeadas Circulares,Listas Estáticas Sequenciais,Recursividade,Árvores BInárias de Busca Balanceadas,Listas Estáticas,Listas Dinâmicas,Listas Estáticas Circulares,Pilhas Estáticas,Pilhas,Árvores Binárias de Busca,Árvores Binárias,Pilhas Dinâmicas,Filas Estáticas,Tipos Abstratos de Dados,Percursos em Árvores Binárias,Filas de Prioridade,Aplicações de Pilhas
Pilhas,Listas Estáticas,Listas Dinâmicas Simplesmente Encadeadas Circulares,Filas de Prioridade,Listas Estáticas Circulares,Recursividade,Filas,Filas Dinâmicas,Árvores Binárias de Busca,Aplicações de Pilhas,Pilhas Dinâmicas,Listas Dinâmicas Duplamente Encadeadas,Listas Estáticas Encadeadas,Listas Dinâmicas Duplamente Encadeadas Circulares,Aplicações de Filas,Listas,Pilhas Estáticas,Listas Dinâmicas,Listas Dinâmicas Simplesmente Encadeadas,Percursos em Árvores Binárias,Filas Estáticas,Árvores BInárias de Busca Balanceadas,Listas Estáticas Sequenciais,Árvores Binárias,Tipos Abstratos de Dados
Percursos em Árvores Binárias,Pilhas Estáticas,Listas Dinâmicas Duplamente Encadeadas Circulares,Recursividade,Listas,Árvores BInárias de Busca Balanceadas,Listas Dinâmicas Duplamente Encadeadas,Listas Dinâmicas Simplesmente Encadeadas,Listas Dinâmicas Simplesmente Encadeadas Circulares,Listas Estáticas Sequenciais,Árvores Binárias,Filas de Prioridade,Tipos Abstratos de Dados,Árvores Binárias de Busca,Listas Estáticas Circulares,Pilhas Dinâmicas,Listas Estáticas,Aplicações de Filas,Filas Dinâmicas,Aplicações de Pilhas,Listas Estáticas Encadeadas,Pilhas,Listas Dinâmicas,Filas Estáticas,Filas
Recursividade,Árvores Binárias,Pilhas Dinâmicas,Árvores BInárias de Busca Balanceadas,Listas Estáticas Circulares,Listas Dinâmicas Simplesmente Encadeadas Circulares,Aplicações de Filas,Pilhas Estáticas,Tipos Abstratos de Dados,Filas de Prioridade,Percursos em Árvores Binárias,Pilhas,Listas Dinâmicas Simplesmente Encadeadas,Filas Dinâmicas,Aplicações de Pilhas,Listas Dinâmicas Duplamente Encadeadas Circulares,Listas,Listas Dinâmicas,Filas,Filas Estáticas,Listas Estáticas Encadeadas,Árvores Binárias de Busca,Listas Estáticas Sequenciais,Listas Estáticas,Listas Dinâmicas Duplamente Encadeadas
Listas Dinâmicas Duplamente Encadeadas,Listas Dinâmicas Simplesmente Encadeadas,Árvores Binárias,Listas Dinâmicas,Pilhas Estáticas,Aplicações de Filas,Filas Dinâmicas,Árvores BInárias de Busca Balanceadas,Pilhas Dinâmicas,Listas,Tipos Abstratos de Dados,Listas Estáticas,Percursos em Árvores Binárias,Listas Dinâmicas Simplesmente Encadeadas Circulares,Listas Estáticas Encadeadas,Filas Estáticas,Listas Dinâmicas Duplamente Encadeadas Circulares,Pilhas,Árvores Binárias de Busca,Aplicações de Pilhas,Listas Estáticas Sequenciais,Filas,Listas Estáticas Circulares,Recursividade,Filas de Prioridade
Pilhas Estáticas,Listas Estáticas Sequenciais,Filas Dinâmicas,Listas Estáticas Circulares,Aplicações de Pilhas,Listas Dinâmicas Duplamente Encadeadas,Listas Dinâmicas Duplamente Encadeadas Circulares,Listas Estáticas Encadeadas,Árvores BInárias de Busca Balanceadas,Listas Dinâmicas Simplesmente Encadeadas,Tipos Abstratos de Dados,Árvores Binárias,Listas,Pilhas Dinâmicas,Pilhas,Filas de Prioridade,Filas,Filas Estáticas,Listas Dinâmicas,Árvores Binárias de Busca,Percursos em Árvores Binárias,Aplicações de Filas,Listas Dinâmicas Simplesmente Encadeadas Circulares,Recursividade,Listas Estáticas
Listas Estáticas Sequenciais,Listas Dinâmicas Simplesmente Encadeadas Circulares,Tipos Abstratos de Dados,Filas Dinâmicas,Aplicações de Filas,Pilhas Dinâmicas,Listas Estáticas,Listas Estáticas Encadeadas,Listas Dinâmicas Duplamente Encadeadas,Filas de Prioridade,Percursos em Árvores Binárias,Árvores Binárias,Pilhas Estáticas,Aplicações de Pilhas,Listas Estáticas Circulares,Pilhas,Recursividade,Listas Dinâmicas,Listas Dinâmicas Duplamente Encadeadas Circulares,Filas,Listas,Árvores Binárias de Busca,Listas Dinâmicas Simplesmente Encadeadas,Árvores BInárias de Busca Balanceadas,Filas Estáticas
Listas,Filas de Prioridade,Listas Dinâmicas Simplesmente Encadeadas,Árvores BInárias de Busca Balanceadas,Aplicações de Pilhas,Filas,Listas Dinâmicas Duplamente Encadeadas Circulares,Árvores Binárias de Busca,Listas Dinâmicas,Recursividade,Listas Dinâmicas Simplesmente Encadeadas Circulares,Pilhas Estáticas,Listas Estáticas Sequenciais,Árvores Binárias,Percursos em Árvores Binárias,Listas Dinâmicas Duplamente Encadeadas,Tipos Abstratos de Dados,Filas Estáticas,Aplicações de Filas,Listas Estáticas Encadeadas,Listas Estáticas,Pilhas Dinâmicas,Pilhas,Filas Dinâmicas,Listas Estáticas Circulares
Listas Estáticas Sequenciais,Árvores Binárias de Busca,Filas Estáticas,Árvores Binárias,Filas Dinâmicas,Filas,Recursividade,Aplicações de Filas,Árvores BInárias de Busca Balanceadas,Listas Dinâmicas Simplesmente Encadeadas Circulares,Filas de Prioridade,Pilhas Estáticas,Pilhas,Tipos Abstratos de Dados,Percursos em Árvores Binárias,Aplicações de Pilhas,Listas Estáticas Encadeadas,Listas Dinâmicas Duplamente Encadeadas,Listas Dinâmicas,Listas Estáticas,Listas Dinâmicas Duplamente Encadeadas Circulares,Listas,Listas Dinâmicas Simplesmente Encadeadas,Pilhas Dinâmicas,Listas Estáticas Circulares
Pilhas,Árvores Binárias,Árvores BInárias de Busca Balanceadas,Pilhas Estáticas,Listas Estáticas Sequenciais,Recursividade,Pilhas Dinâmicas,Listas Estáticas Encadeadas,Tipos Abstratos de Dados,Listas Dinâmicas Simplesmente Encadeadas,Percursos em Árvores Binárias,Listas Estáticas Circulares,Filas,Listas Dinâmicas Duplamente Encadeadas,Listas Dinâmicas Simplesmente Encadeadas Circulares,Filas Dinâmicas,Aplicações de Pilhas,Listas Dinâmicas Duplamente Encadeadas Circulares,Filas de Prioridade,Aplicações de Filas,Listas Dinâmicas,Listas Estáticas,Árvores Binárias de Busca,Filas Estáticas,Listas
Listas Estáticas,Filas de Prioridade,Árvores Binárias,Aplicações de Filas,Recursividade,Aplicações de Pilhas,Listas,Filas Estáticas,Tipos Abstratos de Dados,Listas Dinâmicas Simplesmente Encadeadas Circulares,Árvores BInárias de Busca Balanceadas,Pilhas Estáticas,Filas,Listas Estáticas Sequenciais,Árvores Binárias de Busca,Listas Dinâmicas Duplamente Encadeadas,Listas Estáticas Encadeadas,Listas Dinâmicas Duplamente Encadeadas Circulares,Percursos em Árvores Binárias,Listas Estáticas Circulares,Listas Dinâmicas,Filas Dinâmicas,Listas Dinâmicas Simplesmente Encadeadas,Pilhas Dinâmicas,Pilhas
Filas de Prioridade,Pilhas Estáticas,Aplicações de Pilhas,Tipos Abstratos de Dados,Listas Dinâmicas Simplesmente Encadeadas Circulares,Listas Dinâmicas Duplamente Encadeadas Circulares,Listas Dinâmicas Simplesmente Encadeadas,Listas Estáticas Circulares,Listas Dinâmicas,Aplicações de Filas,Recursividade,Listas Estáticas Sequenciais,Árvores Binárias de Busca,Listas Estáticas Encadeadas,Filas Estáticas,Listas Estáticas,Pilhas,Listas,Percursos em Árvores Binárias,Árvores Binárias,Árvores BInárias de Busca Balanceadas,Listas Dinâmicas Duplamente Encadeadas,Pilhas Dinâmicas,Filas,Filas Dinâmicas
Filas Estáticas,Aplicações de Pilhas,Recursividade,Listas,Árvores Binárias,Listas Dinâmicas,Listas Estáticas Circulares,Árvores BInárias de Busca Balanceadas,Listas Dinâmicas Simplesmente Encadeadas Circulares,Filas de Prioridade,Pilhas,Listas Dinâmicas Duplamente Encadeadas Circulares,Aplicações de Filas,Listas Estáticas,Listas Estáticas Sequenciais,Filas,Pilhas Estáticas,Filas Dinâmicas,Percursos em Árvores Binárias,Listas Estáticas Encadeadas,Árvores Binárias de Busca,Listas Dinâmicas Duplamente Encadeadas,Pilhas Dinâmicas,Listas Dinâmicas Simplesmente Encadeadas,Tipos Abstratos de Dados
Aplicações de Pilhas,Árvores Binárias de Busca,Filas de Prioridade,Pilhas Dinâmicas,Pilhas Estáticas,Percursos em Árvores Binárias,Árvores Binárias,Listas Estáticas,Filas Dinâmicas,Listas Estáticas Circulares,Listas Dinâmicas Simplesmente Encadeadas,Recursividade,Tipos Abstratos de Dados,Listas Estáticas Encadeadas,Listas Estáticas Sequenciais,Listas Dinâmicas Simplesmente Encadeadas Circulares,Filas,Listas Dinâmicas,Listas Dinâmicas Duplamente Encadeadas,Aplicações de Filas,Pilhas,Filas Estáticas,Listas,Listas Dinâmicas Duplamente Encadeadas Circulares,Árvores BInárias de Busca Balanceadas
Listas Estáticas Encadeadas,Recursividade,Listas Dinâmicas Simplesmente Encadeadas Circulares,Listas Dinâmicas,Pilhas,Listas,Listas Estáticas Sequenciais,Listas Dinâmicas Simplesmente Encadeadas,Árvores Binárias,Aplicações de Filas,Tipos Abstratos de Dados,Listas Dinâmicas Duplamente Encadeadas Circulares,Listas Estáticas,Pilhas Estáticas,Filas,Listas Estáticas Circulares,Aplicações de Pilhas,Pilhas Dinâmicas,Filas Dinâmicas,Árvores Binárias de Busca,Listas Dinâmicas Duplamente Encadeadas,Filas Estáticas,Filas de Prioridade,Percursos em Árvores Binárias,Árvores BInárias de Busca Balanceadas
Árvores Binárias de Busca,Árvores BInárias de Busca Balanceadas,Árvores Binárias,Pilhas Dinâmicas,Filas Dinâmicas,Percursos em Árvores Binárias,Filas Estáticas,Listas Dinâmicas Simplesmente Encadeadas,Listas Estáticas Circulares,Listas Estáticas,Listas Dinâmicas Duplamente Encadeadas,Listas Estáticas Encadeadas,Aplicações de Filas,Listas,Listas Dinâmicas Duplamente Encadeadas Circulares,Recursividade,Listas Dinâmicas,Listas Dinâmicas Simplesmente Encadeadas Circulares,Pilhas,Pilhas Estáticas,Filas de Prioridade,Listas Estáticas Sequenciais,Aplicações de Pilhas,Filas,Tipos Abstratos de Dados
Listas Dinâmicas Simplesmente Encadeadas Circulares,Listas Dinâmicas Duplamente Encadeadas,Filas Estáticas,Árvores Binárias,Pilhas Dinâmicas,Listas Dinâmicas Duplamente Encadeadas Circulares,Percursos em Árvores Binárias,Listas Dinâmicas Simplesmente Encadeadas,Listas Dinâmicas,Listas Estáticas Sequenciais,Aplicações de Filas,Listas Estáticas,Recursividade,Árvores Binárias de Busca,Filas de Prioridade,Árvores BInárias de Busca Balanceadas,Listas,Pilhas Estáticas,Listas Estáticas Encadeadas,Tipos Abstratos de Dados,Filas,Aplicações de Pilhas,Filas Dinâmicas,Pilhas,Listas Estáticas Circulares
Listas Estáticas,Listas Dinâmicas Simplesmente Encadeadas Circulares,Filas Estáticas,Recursividade,Listas Dinâmicas Simplesmente Encadeadas,Filas Dinâmicas,Filas,Árvores BInárias de Busca Balanceadas,Aplicações de Pilhas,Árvores Binárias de Busca,Aplicações de Filas,Listas Dinâmicas Duplamente Encadeadas,Percursos em Árvores Binárias,Listas Dinâmicas Duplamente Encadeadas Circulares,Listas Estáticas Encadeadas,Listas,Pilhas Estáticas,Pilhas Dinâmicas,Listas Estáticas Sequenciais,Árvores Binárias,Filas de Prioridade,Tipos Abstratos de Dados,Listas Dinâmicas,Listas Estáticas Circulares,Pilhas
Filas Dinâmicas,Listas Dinâmicas Duplamente Encadeadas,Recursividade,Pilhas,Pilhas Estáticas,Filas Estáticas,Filas de Prioridade,Filas,Árvores Binárias de Busca,Aplicações de Filas,Listas Dinâmicas Simplesmente Encadeadas,Aplicações de Pilhas,Listas Estáticas Encadeadas,Percursos em Árvores Binárias,Listas,Listas Dinâmicas Simplesmente Encadeadas Circulares,Pilhas Dinâmicas,Listas Estáticas Circulares,Listas Dinâmicas Duplamente Encadeadas Circulares,Árvores BInárias de Busca Balanceadas,Tipos Abstratos de Dados,Listas Dinâmicas,Árvores Binárias,Listas Estáticas,Listas Estáticas Sequenciais
Aplicações de Pilhas,Percursos em Árvores Binárias,Filas Estáticas,Árvores Binárias de Busca,Aplicações de Filas,Listas Estáticas Encadeadas,Pilhas Dinâmicas,Tipos Abstratos de Dados,Árvores Binárias,Pilhas,Listas Dinâmicas Simplesmente Encadeadas,Árvores BInárias de Busca Balanceadas,Filas de Prioridade,Recursividade,Filas Dinâmicas,Listas Estáticas Sequenciais,Listas Estáticas Circulares,Filas,Listas Dinâmicas Duplamente Encadeadas,Listas Dinâmicas Duplamente Encadeadas Circulares,Listas Estáticas,Listas,Pilhas Estáticas,Listas Dinâmicas Simplesmente Encadeadas Circulares,Listas Dinâmicas
Listas Estáticas,Aplicações de Pilhas,Listas,Árvores Binárias,Listas Dinâmicas,Aplicações de Filas,Listas Dinâmicas Duplamente Encadeadas,Listas Dinâmicas Simplesmente Encadeadas Circulares,Listas Dinâmicas Duplamente Encadeadas Circulares,Tipos Abstratos de Dados,Filas,Pilhas Dinâmicas,Pilhas Estáticas,Árvores Binárias de Busca,Filas Estáticas,Recursividade,Listas Dinâmicas Simplesmente Encadeadas,Árvores BInárias de Busca Balanceadas,Filas de Prioridade,Percursos em Árvores Binárias,Pilhas,Filas Dinâmicas,Listas Estáticas Circulares,Listas Estáticas Encadeadas,Listas Estáticas Sequenciais
Pilhas Estáticas,Pilhas,Pilhas Dinâmicas,Árvores BInárias de Busca Balanceadas,Listas Estáticas,Filas,Filas Dinâmicas,Listas Dinâmicas Duplamente Encadeadas Circulares,Árvores Binárias de Busca,Listas Estáticas Encadeadas,Árvores Binárias,Listas Dinâmicas Simplesmente Encadeadas Circulares,Listas Estáticas Sequenciais,Listas Estáticas Circulares,Tipos Abstratos de Dados,Filas de Prioridade,Filas Estáticas,Listas Dinâmicas,Aplicações de Filas,Percursos em Árvores Binárias,Listas,Listas Dinâmicas Duplamente Encadeadas,Aplicações de Pilhas,Listas Dinâmicas Simplesmente Encadeadas,Recursividade
Listas Dinâmicas,Pilhas Estáticas,Listas Estáticas Encadeadas,Aplicações de Pilhas,Recursividade,Listas Dinâmicas Simplesmente Encadeadas Circulares,Filas de Prioridade,Percursos em Árvores Binárias,Árvores Binárias de Busca,Filas,Listas Dinâmicas Duplamente Encadeadas,Árvores BInárias de Busca Balanceadas,Filas Dinâmicas,Aplicações de Filas,Listas Estáticas,Tipos Abstratos de Dados,Listas,Listas Dinâmicas Simplesmente Encadeadas,Listas Estáticas Sequenciais,Pilhas Dinâmicas,Árvores Binárias,Listas Dinâmicas Duplamente Encadeadas Circulares,Pilhas,Listas Estáticas Circulares,Filas Estáticas
Pilhas Dinâmicas,Listas Estáticas Circulares,Pilhas Estáticas,Árvores BInárias de Busca Balanceadas,Tipos Abstratos de Dados,Listas,Listas Estáticas,Filas,Percursos em Árvores Binárias,Aplicações de Filas,Listas Dinâmicas,Listas Estáticas Encadeadas,Listas Dinâmicas Duplamente Encadeadas Circulares,Listas Estáticas Sequenciais,Árvores Binárias de Busca,Recursividade,Aplicações de Pilhas,Filas Estáticas,Pilhas,Listas Dinâmicas Simplesmente Encadeadas Circulares,Listas Dinâmicas Duplamente Encadeadas,Filas de Prioridade,Filas Dinâmicas,Árvores Binárias,Listas Dinâmicas Simplesmente Encadeadas
Listas Dinâmicas Duplamente Encadeadas Circulares,Filas Estáticas,Árvores BInárias de Busca Balanceadas,Filas,Listas Dinâmicas,Recursividade,Listas Estáticas Circulares,Pilhas,Tipos Abstratos de Dados,Listas Dinâmicas Duplamente Encadeadas,Listas Estáticas,Listas Estáticas Sequenciais,Aplicações de Pilhas,Árvores Binárias de Busca,Filas Dinâmicas,Aplicações de Filas,Listas Dinâmicas Simplesmente Encadeadas,Filas de Prioridade,Listas Dinâmicas Simplesmente Encadeadas Circulares,Percursos em Árvores Binárias,Pilhas Dinâmicas,Listas,Pilhas Estáticas,Listas Estáticas Encadeadas,Árvores Binárias
Listas Estáticas,Árvores Binárias,Listas Dinâmicas Simplesmente Encadeadas Circulares,Pilhas Estáticas,Listas Estáticas Circulares,Listas,Aplicações de Filas,Recursividade,Pilhas,Filas Estáticas,Percursos em Árvores Binárias,Listas Dinâmicas Simplesmente Encadeadas,Filas,Filas Dinâmicas,Listas Dinâmicas,Filas de Prioridade,Árvores Binárias de Busca,Listas Dinâmicas Duplamente Encadeadas,Aplicações de Pilhas,Pilhas Dinâmicas,Listas Estáticas Sequenciais,Tipos Abstratos de Dados,Listas Estáticas Encadeadas,Árvores BInárias de Busca Balanceadas,Listas Dinâmicas Duplamente Encadeadas Circulares
Listas Estáticas Encadeadas,Árvores Binárias,Listas,Listas Dinâmicas Duplamente Encadeadas Circulares,Filas Dinâmicas,Pilhas,Tipos Abstratos de Dados,Pilhas Estáticas,Listas Dinâmicas,Listas Estáticas,Pilhas Dinâmicas,Percursos em Árvores Binárias,Filas,Árvores Binárias de Busca,Recursividade,Filas Estáticas,Listas Dinâmicas Simplesmente Encadeadas,Listas Dinâmicas Simplesmente Encadeadas Circulares,Aplicações de Pilhas,Filas de Prioridade,Listas Dinâmicas Duplamente Encadeadas,Listas Estáticas Sequenciais,Listas Estáticas Circulares,Aplicações de Filas,Árvores BInárias de Busca Balanceadas
Pilhas Dinâmicas,Listas Estáticas Encadeadas,Recursividade,Filas Estáticas,Filas Dinâmicas,Tipos Abstratos de Dados,Listas Dinâmicas Duplamente Encadeadas,Listas,Aplicações de Pilhas,Listas Estáticas,Árvores Binárias de Busca,Listas Estáticas Sequenciais,Árvores Binárias,Filas,Filas de Prioridade,Pilhas Estáticas,Percursos em Árvores Binárias,Pilhas,Árvores BInárias de Busca Balanceadas,Listas Dinâmicas Simplesmente Encadeadas Circulares,Listas Dinâmicas Simplesmente Encadeadas,Listas Estáticas Circulares,Listas Dinâmicas,Listas Dinâmicas Duplamente Encadeadas Circulares,Aplicações de Filas
Listas,Pilhas Estáticas,Listas Dinâmicas Simplesmente Encadeadas,Pilhas Dinâmicas,Árvores BInárias de Busca Balanceadas,Listas Estáticas Circulares,Filas,Aplicações de Pilhas,Árvores Binárias de Busca,Listas Estáticas,Listas Dinâmicas Duplamente Encadeadas Circulares,Aplicações de Filas,Listas Dinâmicas Simplesmente Encadeadas Circulares,Listas Estáticas Encadeadas,Percursos em Árvores Binárias,Recursividade,Pilhas,Listas Dinâmicas,Árvores Binárias,Filas de Prioridade,Listas Dinâmicas Duplamente Encadeadas,Listas Estáticas Sequenciais,Filas Dinâmicas,Tipos Abstratos de Dados,Filas Estáticas
Listas Dinâmicas Simplesmente Encadeadas Circulares,Listas,Pilhas Dinâmicas,Listas Dinâmicas Duplamente Encadeadas Circulares,Aplicações de Filas,Listas Estáticas Encadeadas,Árvores Binárias de Busca,Percursos em Árvores Binárias,Listas Dinâmicas,Árvores BInárias de Busca Balanceadas,Tipos Abstratos de Dados,Recursividade,Listas Estáticas Sequenciais,Filas,Listas Estáticas,Listas Dinâmicas Duplamente Encadeadas,Árvores Binárias,Aplicações de Pilhas,Pilhas Estáticas,Filas Dinâmicas,Filas Estáticas,Listas Dinâmicas Simplesmente Encadeadas,Filas de Prioridade,Listas Estáticas Circulares,Pilhas
Pilhas,Aplicações de Pilhas,Listas Estáticas Sequenciais,Listas Dinâmicas Simplesmente Encadeadas Circulares,Filas,Listas Dinâmicas Duplamente Encadeadas,Aplicações de Filas,Filas Estáticas,Árvores Binárias,Árvores Binárias de Busca,Listas Estáticas Circulares,Pilhas Estáticas,Pilhas Dinâmicas,Filas Dinâmicas,Percursos em Árvores Binárias,Listas Dinâmicas Simplesmente Encadeadas,Árvores BInárias de Busca Balanceadas,Filas de Prioridade,Listas Estáticas,Listas,Recursividade,Listas Dinâmicas Duplamente Encadeadas Circulares,Tipos Abstratos de Dados,Listas Dinâmicas,Listas Estáticas Encadeadas
Filas de Prioridade,Listas Dinâmicas,Aplicações de Filas,Tipos Abstratos de Dados,Listas Estáticas Sequenciais,Listas,Listas Dinâmicas Simplesmente Encadeadas Circulares,Listas Estáticas Encadeadas,Listas Estáticas Circulares,Aplicações de Pilhas,Árvores Binárias de Busca,Listas Dinâmicas Duplamente Encadeadas,Pilhas Estáticas,Listas Dinâmicas Duplamente Encadeadas Circulares,Listas Dinâmicas Simplesmente Encadeadas,Pilhas,Filas Dinâmicas,Árvores BInárias de Busca Balanceadas,Filas Estáticas,Filas,Recursividade,Árvores Binárias,Percursos em Árvores Binárias,Listas Estáticas,Pilhas Dinâmicas
Listas Estáticas Sequenciais,Listas Estáticas Circulares,Tipos Abstratos de Dados,Árvores Binárias,Percursos em Árvores Binárias,Listas Dinâmicas Duplamente Encadeadas,Pilhas Dinâmicas,Recursividade,Filas Estáticas,Listas,Pilhas,Filas,Aplicações de Pilhas,Listas Dinâmicas Simplesmente Encadeadas Circulares,Listas Dinâmicas,Listas Estáticas,Filas de Prioridade,Listas Estáticas Encadeadas,Árvores Binárias de Busca,Árvores BInárias de Busca Balanceadas,Aplicações de Filas,Pilhas Estáticas,Filas Dinâmicas,Listas Dinâmicas Simplesmente Encadeadas,Listas Dinâmicas Duplamente Encadeadas Circulares
Recursividade,Listas Dinâmicas,Árvores Binárias,Filas de Prioridade,Listas Dinâmicas Simplesmente Encadeadas,Filas Estáticas,Tipos Abstratos de Dados,Listas,Pilhas,Listas Dinâmicas Simplesmente Encadeadas Circulares,Pilhas Estáticas,Filas Dinâmicas,Árvores BInárias de Busca Balanceadas,Árvores Binárias de Busca,Percursos em Árvores Binárias,Listas Dinâmicas Duplamente Encadeadas,Listas Dinâmicas Duplamente Encadeadas Circulares,Filas,Pilhas Dinâmicas,Listas Estáticas Encadeadas,Listas Estáticas,Aplicações de Filas,Listas Estáticas Circulares,Aplicações de Pilhas,Listas Estáticas Sequenciais
Recursividade,Árvores Binárias de Busca,Pilhas Estáticas,Listas Estáticas,Listas Dinâmicas,Listas Dinâmicas Duplamente Encadeadas,Filas de Prioridade,Árvores Binárias,Listas,Árvores BInárias de Busca Balanceadas,Listas Dinâmicas Simplesmente Encadeadas,Filas,Listas Dinâmicas Duplamente Encadeadas Circulares,Listas Estáticas Sequenciais,Listas Dinâmicas Simplesmente Encadeadas Circulares,Pilhas,Aplicações de Filas,Filas Dinâmicas,Filas Estáticas,Aplicações de Pilhas,Listas Estáticas Circulares,Tipos Abstratos de Dados,Pilhas Dinâmicas,Listas Estáticas Encadeadas,Percursos em Árvores Binárias
Árvores Binárias de Busca,Recursividade,Listas Dinâmicas Duplamente Encadeadas,Filas Dinâmicas,Listas Dinâmicas,Aplicações de Pilhas,Listas Estáticas,Listas Dinâmicas Duplamente Encadeadas Circulares,Percursos em Árvores Binárias,Pilhas,Árvores Binárias,Aplicações de Filas,Listas,Árvores BInárias de Busca Balanceadas,Filas Estáticas,Listas Estáticas Encadeadas,Filas de Prioridade,Tipos Abstratos de Dados,Pilhas Estáticas,Listas Estáticas Circulares,Listas Estáticas Sequenciais,Listas Dinâmicas Simplesmente Encadeadas Circulares,Listas Dinâmicas Simplesmente Encadeadas,Filas,Pilhas Dinâmicas
Tipos Abstratos de Dados,Percursos em Árvores Binárias,Filas Dinâmicas,Listas Estáticas Sequenciais,Listas Dinâmicas Duplamente Encadeadas,Árvores Binárias,Árvores Binárias de Busca,Listas Dinâmicas Duplamente Encadeadas Circulares,Listas Dinâmicas,Filas,Listas,Listas Estáticas Encadeadas,Pilhas Dinâmicas,Pilhas,Listas Dinâmicas Simplesmente Encadeadas,Listas Estáticas,Aplicações de Filas,Filas Estáticas,Recursividade,Listas Dinâmicas Simplesmente Encadeadas Circulares,Filas de Prioridade,Listas Estáticas Circulares,Aplicações de Pilhas,Árvores BInárias de Busca Balanceadas,Pilhas Estáticas
Aplicações de Pilhas,Pilhas,Pilhas Estáticas,Listas Dinâmicas Simplesmente Encadeadas Circulares,Recursividade,Pilhas Dinâmicas,Filas Estáticas,Listas Estáticas Circulares,Filas,Listas Dinâmicas Simplesmente Encadeadas,Árvores Binárias,Listas Estáticas,Listas Dinâmicas,Percursos em Árvores Binárias,Filas Dinâmicas,Árvores BInárias de Busca Balanceadas,Filas de Prioridade,Listas Estáticas Sequenciais,Listas Estáticas Encadeadas,Tipos Abstratos de Dados,Aplicações de Filas,Árvores Binárias de Busca,Listas,Listas Dinâmicas Duplamente Encadeadas Circulares,Listas Dinâmicas Duplamente Encadeadas
Listas Dinâmicas Duplamente Encadeadas Circulares,Filas de Prioridade,Filas Dinâmicas,Árvores Binárias de Busca,Listas,Árvores Binárias,Pilhas Dinâmicas,Recursividade,Listas Estáticas Circulares,Listas Estáticas Encadeadas,Listas Dinâmicas Simplesmente Encadeadas,Listas Estáticas,Filas Estáticas,Aplicações de Filas,Listas Dinâmicas Simplesmente Encadeadas Circulares,Listas Dinâmicas Duplamente Encadeadas,Tipos Abstratos de Dados,Listas Dinâmicas,Pilhas Estáticas,Percursos em Árvores Binárias,Pilhas,Filas,Árvores BInárias de Busca Balanceadas,Listas Estáticas Sequenciais,Aplicações de Pilhas
Listas Estáticas Sequenciais,Pilhas,Recursividade,Aplicações de Filas,Filas Estáticas,Filas de Prioridade,Filas,Tipos Abstratos de Dados,Listas Estáticas,Aplicações de Pilhas,Listas Dinâmicas Simplesmente Encadeadas Circulares,Listas Estáticas Circulares,Listas,Listas Dinâmicas Duplamente Encadeadas,Listas Dinâmicas,Listas Dinâmicas Simplesmente Encadeadas,Filas Dinâmicas,Percursos em Árvores Binárias,Árvores Binárias,Árvores Binárias de Busca,Pilhas Estáticas,Árvores BInárias de Busca Balanceadas,Listas Dinâmicas Duplamente Encadeadas Circulares,Pilhas Dinâmicas,Listas Estáticas Encadeadas
Filas,Tipos Abstratos de Dados,Listas Dinâmicas Duplamente Encadeadas Circulares,Árvores Binárias de Busca,Árvores Binárias,Listas Estáticas,Filas Dinâmicas,Listas Dinâmicas Duplamente Encadeadas,Listas,Listas Dinâmicas Simplesmente Encadeadas,Listas Estáticas Encadeadas,Aplicações de Pilhas,Árvores BInárias de Busca Balanceadas,Listas Dinâmicas,Filas de Prioridade,Pilhas Estáticas,Pilhas,Pilhas Dinâmicas,Listas Estáticas Circulares,Recursividade,Aplicações de Filas,Filas Estáticas,Listas Estáticas Sequenciais,Listas Dinâmicas Simplesmente Encadeadas Circulares,Percursos em Árvores Binárias
Listas Estáticas,Tipos Abstratos de Dados,Aplicações de Pilhas,Árvores BInárias de Busca Balanceadas,Listas Dinâmicas Duplamente Encadeadas,Filas Estáticas,Pilhas Dinâmicas,Árvores Binárias de Busca,Listas Estáticas Sequenciais,Recursividade,Listas Dinâmicas Simplesmente Encadeadas,Listas Dinâmicas,Aplicações de Filas,Pilhas Estáticas,Listas Dinâmicas Simplesmente Encadeadas Circulares,Percursos em Árvores Binárias,Listas Estáticas Circulares,Listas Estáticas Encadeadas,Filas de Prioridade,Listas Dinâmicas Duplamente Encadeadas Circulares,Listas,Árvores Binárias,Pilhas,Filas,Filas Dinâmicas
Listas Dinâmicas Duplamente Encadeadas,Recursividade,Listas Dinâmicas Simplesmente Encadeadas Circulares,Aplicações de Filas,Percursos em Árvores Binárias,Filas Estáticas,Árvores BInárias de Busca Balanceadas,Pilhas Estáticas,Listas Estáticas Encadeadas,Filas,Listas Estáticas Circulares,Árvores Binárias de Busca,Listas Estáticas Sequenciais,Pilhas,Listas Dinâmicas,Filas Dinâmicas,Listas Estáticas,Árvores Binárias,Listas Dinâmicas Simplesmente Encadeadas,Tipos Abstratos de Dados,Listas,Listas Dinâmicas Duplamente Encadeadas Circulares,Filas de Prioridade,Aplicações de Pilhas,Pilhas Dinâmicas
Pilhas,Listas Dinâmicas Simplesmente Encadeadas,Listas,Árvores BInárias de Busca Balanceadas,Filas Dinâmicas,Listas Dinâmicas Duplamente Encadeadas,Listas Dinâmicas,Filas de Prioridade,Filas Estáticas,Filas,Recursividade,Listas Dinâmicas Simplesmente Encadeadas Circulares,Árvores Binárias de Busca,Listas Estáticas,Aplicações de Filas,Pilhas Estáticas,Pilhas Dinâmicas,Listas Dinâmicas Duplamente Encadeadas Circulares,Listas Estáticas Sequenciais,Percursos em Árvores Binárias,Listas Estáticas Encadeadas,Aplicações de Pilhas,Listas Estáticas Circulares,Tipos Abstratos de Dados,Árvores Binárias
Filas,Pilhas Estáticas,Listas Dinâmicas,Árvores Binárias,Listas Dinâmicas Simplesmente Encadeadas Circulares,Tipos Abstratos de Dados,Listas Estáticas,Aplicações de Filas,Listas Dinâmicas Simplesmente Encadeadas,Filas Estáticas,Listas Dinâmicas Duplamente Encadeadas Circulares,Pilhas Dinâmicas,Listas Estáticas Circulares,Filas de Prioridade,Pilhas,Listas,Árvores Binárias de Busca,Listas Estáticas Sequenciais,Aplicações de Pilhas,Percursos em Árvores Binárias,Listas Estáticas Encadeadas,Listas Dinâmicas Duplamente Encadeadas,Árvores BInárias de Busca Balanceadas,Recursividade,Filas Dinâmicas
Aplicações de Filas,Aplicações de Pilhas,Percursos em Árvores Binárias,Listas Estáticas Encadeadas,Pilhas,Filas Estáticas,Pilhas Estáticas,Filas Dinâmicas,Tipos Abstratos de Dados,Recursividade,Listas Estáticas Circulares,Filas de Prioridade,Listas Estáticas,Listas,Árvores Binárias de Busca,Árvores Binárias,Listas Dinâmicas Duplamente Encadeadas Circulares,Listas Dinâmicas,Listas Dinâmicas Duplamente Encadeadas,Filas,Listas Dinâmicas Simplesmente Encadeadas,Listas Dinâmicas Simplesmente Encadeadas Circulares,Árvores BInárias de Busca Balanceadas,Listas Estáticas Sequenciais,Pilhas Dinâmicas
Listas Dinâmicas Simplesmente Encadeadas Circulares,Pilhas Dinâmicas,Listas Dinâmicas Duplamente Encadeadas,Listas Estáticas,Filas Dinâmicas,Listas Dinâmicas,Listas Estáticas Encadeadas,Pilhas Estáticas,Listas Dinâmicas Simplesmente Encadeadas,Aplicações de Pilhas,Filas,Aplicações de Filas,Árvores Binárias,Listas Estáticas Circulares,Recursividade,Filas de Prioridade,Árvores Binárias de Busca,Percursos em Árvores Binárias,Listas,Listas Dinâmicas Duplamente Encadeadas Circulares,Filas Estáticas,Listas Estáticas Sequenciais,Pilhas,Árvores BInárias de Busca Balanceadas,Tipos Abstratos de Dados
Pilhas Dinâmicas,Aplicações de Pilhas,Tipos Abstratos de Dados,Listas Dinâmicas Simplesmente Encadeadas Circulares,Listas Dinâmicas,Filas Estáticas,Árvores Binárias,Listas Estáticas Sequenciais,Árvores Binárias de Busca,Filas de Prioridade,Listas,Listas Dinâmicas Duplamente Encadeadas,Listas Dinâmicas Simplesmente Encadeadas,Árvores BInárias de Busca Balanceadas,Filas,Listas Dinâmicas Duplamente Encadeadas Circulares,Listas Estáticas Circulares,Listas Estáticas Encadeadas,Recursividade,Pilhas Estáticas,Aplicações de Filas,Filas Dinâmicas,Listas Estáticas,Pilhas,Percursos em Árvores Binárias
Filas de Prioridade,Pilhas Estáticas,Aplicações de Filas,Recursividade,Listas,Listas Dinâmicas Duplamente Encadeadas Circulares,Listas Estáticas,Árvores Binárias,Listas Dinâmicas,Filas Estáticas,Listas Estáticas Encadeadas,Pilhas Dinâmicas,Pilhas,Aplicações de Pilhas,Árvores BInárias de Busca Balanceadas,Filas,Listas Dinâmicas Duplamente Encadeadas,Listas Estáticas Circulares,Listas Dinâmicas Simplesmente Encadeadas,Tipos Abstratos de Dados,Percursos em Árvores Binárias,Filas Dinâmicas,Listas Estáticas Sequenciais,Árvores Binárias de Busca,Listas Dinâmicas Simplesmente Encadeadas Circulares
Aplicações de Pilhas,Listas Dinâmicas Duplamente Encadeadas Circulares,Recursividade,Aplicações de Filas,Listas Dinâmicas Duplamente Encadeadas,Árvores Binárias de Busca,Filas de Prioridade,Filas Estáticas,Listas Estáticas,Listas Estáticas Sequenciais,Percursos em Árvores Binárias,Árvores Binárias,Listas Dinâmicas,Árvores BInárias de Busca Balanceadas,Listas Estáticas Circulares,Tipos Abstratos de Dados,Listas Dinâmicas Simplesmente Encadeadas Circulares,Pilhas Dinâmicas,Listas Dinâmicas Simplesmente Encadeadas,Filas,Pilhas,Listas,Pilhas Estáticas,Listas Estáticas Encadeadas,Filas Dinâmicas
Listas Dinâmicas Duplamente Encadeadas Circulares,Percursos em Árvores Binárias,Pilhas,Filas Dinâmicas,Listas Dinâmicas Simplesmente Encadeadas Circulares,Listas Estáticas Sequenciais,Recursividade,Listas Estáticas,Listas Dinâmicas Duplamente Encadeadas,Árvores BInárias de Busca Balanceadas,Aplicações de Filas,Listas Estáticas Circulares,Filas Estáticas,Filas de Prioridade,Tipos Abstratos de Dados,Listas Dinâmicas,Listas,Árvores Binárias,Listas Dinâmicas Simplesmente Encadeadas,Listas Estáticas Encadeadas,Árvores Binárias de Busca,Aplicações de Pilhas,Pilhas Estáticas,Pilhas Dinâmicas,Filas
Aplicações de Pilhas,Percursos em Árvores Binárias,Filas de Prioridade,Listas,Pilhas Estáticas,Tipos Abstratos de Dados,Listas Dinâmicas Duplamente Encadeadas,Listas Dinâmicas Simplesmente Encadeadas Circulares,Listas Estáticas Encadeadas,Pilhas,Pilhas Dinâmicas,Recursividade,Árvores BInárias de Busca Balanceadas,Listas Dinâmicas,Filas Estáticas,Listas Dinâmicas Simplesmente Encadeadas,Aplicações de Filas,Filas,Listas Estáticas Sequenciais,Listas Dinâmicas Duplamente Encadeadas Circulares,Filas Dinâmicas,Listas Estáticas Circulares,Árvores Binárias,Listas Estáticas,Árvores Binárias de Busca
Listas Estáticas Circulares,Filas Dinâmicas,Tipos Abstratos de Dados,Filas de Prioridade,Filas,Recursividade,Listas Estáticas Encadeadas,Listas Dinâmicas,Aplicações de Pilhas,Árvores BInárias de Busca Balanceadas,Pilhas Dinâmicas,Árvores Binárias,Listas Estáticas Sequenciais,Listas Dinâmicas Simplesmente Encadeadas,Listas Dinâmicas Duplamente Encadeadas,Pilhas,Listas Dinâmicas Duplamente Encadeadas Circulares,Pilhas Estáticas,Percursos em Árvores Binárias,Árvores Binárias de Busca,Filas Estáticas,Listas,Listas Estáticas,Listas Dinâmicas Simplesmente Encadeadas Circulares,Aplicações de Filas
Recursividade,Percursos em Árvores Binárias,Pilhas,Listas,Árvores Binárias,Pilhas Estáticas,Listas Dinâmicas Simplesmente Encadeadas Circulares,Listas Estáticas Encadeadas,Filas,Filas de Prioridade,Listas Estáticas Circulares,Árvores BInárias de Busca Balanceadas,Aplicações de Filas,Listas Estáticas,Listas Dinâmicas Duplamente Encadeadas Circulares,Aplicações de Pilhas,Listas Dinâmicas Duplamente Encadeadas,Tipos Abstratos de Dados,Listas Dinâmicas Simplesmente Encadeadas,Listas Estáticas Sequenciais,Árvores Binárias de Busca,Filas Estáticas,Pilhas Dinâmicas,Listas Dinâmicas,Filas Dinâmicas
Aplicações de Filas,Listas Estáticas,Tipos Abstratos de Dados,Pilhas,Listas Dinâmicas Duplamente Encadeadas,Listas Estáticas Circulares,Árvores Binárias de Busca,Listas Dinâmicas,Percursos em Árvores Binárias,Recursividade,Listas Estáticas Encadeadas,Filas de Prioridade,Listas Estáticas Sequenciais,Filas Dinâmicas,Pilhas Dinâmicas,Listas Dinâmicas Simplesmente Encadeadas,Listas,Filas,Listas Dinâmicas Simplesmente Encadeadas Circulares,Filas Estáticas,Árvores BInárias de Busca Balanceadas,Aplicações de Pilhas,Árvores Binárias,Pilhas Estáticas,Listas Dinâmicas Duplamente Encadeadas Circulares
Listas Dinâmicas Simplesmente Encadeadas,Filas de Prioridade,Árvores BInárias de Busca Balanceadas,Recursividade,Listas Dinâmicas Duplamente Encadeadas,Listas Estáticas Sequenciais,Aplicações de Filas,Listas Dinâmicas,Listas Dinâmicas Simplesmente Encadeadas Circulares,Listas Estáticas Circulares,Pilhas Estáticas,Listas Estáticas Encadeadas,Listas Estáticas,Filas,Filas Dinâmicas,Pilhas,Listas,Percursos em Árvores Binárias,Árvores Binárias,Listas Dinâmicas Duplamente Encadeadas Circulares,Filas Estáticas,Aplicações de Pilhas,Árvores Binárias de Busca,Tipos Abstratos de Dados,Pilhas Dinâmicas
Listas Dinâmicas,Recursividade,Aplicações de Filas,Filas Dinâmicas,Filas de Prioridade,Listas Dinâmicas Duplamente Encadeadas Circulares,Árvores Binárias,Pilhas,Árvores BInárias de Busca Balanceadas,Percursos em Árvores Binárias,Pilhas Estáticas,Listas Dinâmicas Duplamente Encadeadas,Listas Dinâmicas Simplesmente Encadeadas Circulares,Filas,Aplicações de Pilhas,Pilhas Dinâmicas,Listas Estáticas Encadeadas,Tipos Abstratos de Dados,Listas,Listas Estáticas Sequenciais,Filas Estáticas,Listas Estáticas Circulares,Listas Estáticas,Árvores Binárias de Busca,Listas Dinâmicas Simplesmente Encadeadas
Aplicações de Filas,Listas Dinâmicas Simplesmente Encadeadas Circulares,Pilhas Dinâmicas,Árvores BInárias de Busca Balanceadas,Listas Estáticas Encadeadas,Aplicações de Pilhas,Recursividade,Listas Dinâmicas Duplamente Encadeadas,Listas Estáticas Sequenciais,Listas Dinâmicas,Listas Estáticas,Pilhas,Árvores Binárias,Filas,Listas,Listas Dinâmicas Duplamente Encadeadas Circulares,Percursos em Árvores Binárias,Filas de Prioridade,Listas Estáticas Circulares,Árvores Binárias de Busca,Tipos Abstratos de Dados,Filas Estáticas,Listas Dinâmicas Simplesmente Encadeadas,Filas Dinâmicas,Pilhas Estáticas
Listas Dinâmicas Duplamente Encadeadas Circulares,Árvores Binárias,Filas de Prioridade,Listas Estáticas Sequenciais,Aplicações de Pilhas,Pilhas,Pilhas Dinâmicas,Listas Dinâmicas Duplamente Encadeadas,Listas Dinâmicas Simplesmente Encadeadas Circulares,Listas Estáticas Circulares,Árvores BInárias de Busca Balanceadas,Percursos em Árvores Binárias,Listas Dinâmicas,Listas Dinâmicas Simplesmente Encadeadas,Filas Estáticas,Filas,Listas Estáticas,Listas,Listas Estáticas Encadeadas,Tipos Abstratos de Dados,Recursividade,Pilhas Estáticas,Filas Dinâmicas,Árvores Binárias de Busca,Aplicações de Filas
Pilhas Dinâmicas,Árvores Binárias,Filas Dinâmicas,Árvores Binárias de Busca,Listas Dinâmicas,Listas Estáticas Encadeadas,Árvores BInárias de Busca Balanceadas,Tipos Abstratos de Dados,Listas Estáticas Sequenciais,Pilhas,Listas Dinâmicas Duplamente Encadeadas,Filas Estáticas,Recursividade,Pilhas Estáticas,Listas Estáticas Circulares,Filas de Prioridade,Listas Dinâmicas Simplesmente Encadeadas,Filas,Listas Dinâmicas Duplamente Encadeadas Circulares,Aplicações de Filas,Aplicações de Pilhas,Listas,Listas Estáticas,Listas Dinâmicas Simplesmente Encadeadas Circulares,Percursos em Árvores Binárias
Árvores Binárias,Listas Dinâmicas Duplamente Encadeadas,Percursos em Árvores Binárias,Filas de Prioridade,Listas Estáticas,Árvores Binárias de Busca,Pilhas,Listas Dinâmicas Duplamente Encadeadas Circulares,Tipos Abstratos de Dados,Aplicações de Pilhas,Filas Estáticas,Listas Estáticas Sequenciais,Filas,Árvores BInárias de Busca Balanceadas,Pilhas Estáticas,Listas Estáticas Encadeadas,Pilhas Dinâmicas,Listas Dinâmicas,Listas Estáticas Circulares,Filas Dinâmicas,Recursividade,Listas,Aplicações de Filas,Listas Dinâmicas Simplesmente Encadeadas,Listas Dinâmicas Simplesmente Encadeadas Circulares
Listas,Listas Dinâmicas Simplesmente Encadeadas,Filas Estáticas,Pilhas Dinâmicas,Filas,Recursividade,Listas Estáticas Sequenciais,Listas Dinâmicas,Árvores Binárias,Listas Estáticas Circulares,Listas Dinâmicas Simplesmente Encadeadas Circulares,Tipos Abstratos de Dados,Listas Estáticas Encadeadas,Pilhas,Aplicações de Pilhas,Listas Dinâmicas Duplamente Encadeadas Circulares,Árvores Binárias de Busca,Pilhas Estáticas,Aplicações de Filas,Filas Dinâmicas,Percursos em Árvores Binárias,Filas de Prioridade,Listas Estáticas,Árvores BInárias de Busca Balanceadas,Listas Dinâmicas Duplamente Encadeadas
Listas Dinâmicas Simplesmente Encadeadas,Listas Estáticas,Listas Dinâmicas Duplamente Encadeadas,Aplicações de Pilhas,Listas,Listas Dinâmicas,Pilhas Estáticas,Pilhas,Pilhas Dinâmicas,Filas Dinâmicas,Árvores BInárias de Busca Balanceadas,Recursividade,Aplicações de Filas,Árvores Binárias,Filas Estáticas,Percursos em Árvores Binárias,Listas Estáticas Circulares,Tipos Abstratos de Dados,Árvores Binárias de Busca,Listas Dinâmicas Simplesmente Encadeadas Circulares,Filas,Listas Dinâmicas Duplamente Encadeadas Circulares,Listas Estáticas Encadeadas,Filas de Prioridade,Listas Estáticas Sequenciais
Árvores Binárias de Busca,Listas Estáticas Encadeadas,Tipos Abstratos de Dados,Filas,Listas Estáticas Sequenciais,Listas Estáticas Circulares,Listas Dinâmicas Simplesmente Encadeadas,Listas Dinâmicas Duplamente Encadeadas Circulares,Listas Estáticas,Listas Dinâmicas Simplesmente Encadeadas Circulares,Listas Dinâmicas,Recursividade,Pilhas Dinâmicas,Listas Dinâmicas Duplamente Encadeadas,Aplicações de Filas,Filas de Prioridade,Percursos em Árvores Binárias,Aplicações de Pilhas,Pilhas,Filas Dinâmicas,Filas Estáticas,Árvores BInárias de Busca Balanceadas,Pilhas Estáticas,Árvores Binárias,Listas
Pilhas,Listas Estáticas,Listas Dinâmicas,Listas Dinâmicas Simplesmente Encadeadas,Percursos em Árvores Binárias,Árvores BInárias de Busca Balanceadas,Árvores Binárias,Listas Dinâmicas Duplamente Encadeadas,Listas,Listas Dinâmicas Simplesmente Encadeadas Circulares,Aplicações de Filas,Filas Dinâmicas,Filas de Prioridade,Listas Estáticas Circulares,Listas Estáticas Sequenciais,Filas Estáticas,Árvores Binárias de Busca,Pilhas Estáticas,Filas,Listas Dinâmicas Duplamente Encadeadas Circulares,Tipos Abstratos de Dados,Recursividade,Aplicações de Pilhas,Listas Estáticas Encadeadas,Pilhas Dinâmicas
Pilhas Dinâmicas,Listas Dinâmicas Duplamente Encadeadas Circulares,Listas Estáticas,Filas Dinâmicas,Aplicações de Pilhas,Pilhas,Listas Dinâmicas Simplesmente Encadeadas Circulares,Listas Dinâmicas Simplesmente Encadeadas,Listas Estáticas Circulares,Tipos Abstratos de Dados,Listas Estáticas Sequenciais,Árvores Binárias,Aplicações de Filas,Percursos em Árvores Binárias,Filas de Prioridade,Listas Dinâmicas Duplamente Encadeadas,Listas Dinâmicas,Árvores Binárias de Busca,Filas,Árvores BInárias de Busca Balanceadas,Pilhas Estáticas,Filas Estáticas,Recursividade,Listas Estáticas Encadeadas,Listas
Pilhas,Árvores BInárias de Busca Balanceadas,Filas Dinâmicas,Aplicações de Pilhas,Pilhas Dinâmicas,Pilhas Estáticas,Listas Estáticas Circulares,Percursos em Árvores Binárias,Listas Dinâmicas Duplamente Encadeadas Circulares,Árvores Binárias de Busca,Tipos Abstratos de Dados,Listas Dinâmicas Simplesmente Encadeadas Circulares,Listas Estáticas,Filas de Prioridade,Listas Dinâmicas Simplesmente Encadeadas,Listas Dinâmicas Duplamente Encadeadas,Árvores Binárias,Aplicações de Filas,Filas,Listas,Listas Estáticas Sequenciais,Listas Dinâmicas,Recursividade,Filas Estáticas,Listas Estáticas Encadeadas
Listas Dinâmicas Simplesmente Encadeadas Circulares,Listas Dinâmicas,Recursividade,Listas Estáticas Encadeadas,Listas,Árvores BInárias de Busca Balanceadas,Listas Dinâmicas Duplamente Encadeadas Circulares,Pilhas Estáticas,Tipos Abstratos de Dados,Aplicações de Pilhas,Listas Dinâmicas Duplamente Encadeadas,Filas Dinâmicas,Filas de Prioridade,Pilhas Dinâmicas,Árvores Binárias de Busca,Listas Estáticas Circulares,Listas Estáticas,Listas Dinâmicas Simplesmente Encadeadas,Listas Estáticas Sequenciais,Filas,Aplicações de Filas,Pilhas,Percursos em Árvores Binárias,Filas Estáticas,Árvores Binárias
Recursividade,Aplicações de Filas,Árvores Binárias,Pilhas Dinâmicas,Tipos Abstratos de Dados,Listas Dinâmicas Duplamente Encadeadas,Filas Estáticas,Listas Dinâmicas Duplamente Encadeadas Circulares,Listas,Listas Dinâmicas Simplesmente Encadeadas,Filas de Prioridade,Listas Estáticas Circulares,Listas Estáticas,Árvores Binárias de Busca,Pilhas,Percursos em Árvores Binárias,Árvores BInárias de Busca Balanceadas,Filas Dinâmicas,Filas,Pilhas Estáticas,Listas Dinâmicas,Listas Estáticas Encadeadas,Listas Dinâmicas Simplesmente Encadeadas Circulares,Listas Estáticas Sequenciais,Aplicações de Pilhas
Listas Dinâmicas,Árvores Binárias de Busca,Aplicações de Pilhas,Listas Dinâmicas Simplesmente Encadeadas,Listas Estáticas Sequenciais,Tipos Abstratos de Dados,Pilhas Dinâmicas,Listas Dinâmicas Duplamente Encadeadas Circulares,Filas de Prioridade,Filas Dinâmicas,Listas Estáticas Circulares,Percursos em Árvores Binárias,Árvores BInárias de Busca Balanceadas,Listas Dinâmicas Simplesmente Encadeadas Circulares,Árvores Binárias,Filas,Aplicações de Filas,Listas Estáticas,Pilhas,Recursividade,Listas Dinâmicas Duplamente Encadeadas,Filas Estáticas,Pilhas Estáticas,Listas,Listas Estáticas Encadeadas
Listas Dinâmicas Duplamente Encadeadas Circulares,Filas,Aplicações de Pilhas,Listas,Listas Dinâmicas,Listas Estáticas Sequenciais,Percursos em Árvores Binárias,Listas Dinâmicas Simplesmente Encadeadas Circulares,Árvores BInárias de Busca Balanceadas,Pilhas,Listas Dinâmicas Duplamente Encadeadas,Aplicações de Filas,Árvores Binárias de Busca,Tipos Abstratos de Dados,Listas Estáticas Encadeadas,Filas Dinâmicas,Recursividade,Listas Estáticas Circulares,Filas Estáticas,Pilhas Estáticas,Listas Estáticas,Árvores Binárias,Listas Dinâmicas Simplesmente Encadeadas,Pilhas Dinâmicas,Filas de Prioridade
Pilhas Estáticas,Pilhas Dinâmicas,Percursos em Árvores Binárias,Filas Dinâmicas,Árvores Binárias,Listas Estáticas Circulares,Listas,Listas Dinâmicas Simplesmente Encadeadas Circulares,Aplicações de Pilhas,Listas Estáticas,Listas Dinâmicas Simplesmente Encadeadas,Tipos Abstratos de Dados,Listas Estáticas Sequenciais,Aplicações de Filas,Filas,Recursividade,Filas de Prioridade,Listas Dinâmicas,Árvores BInárias de Busca Balanceadas,Listas Dinâmicas Duplamente Encadeadas,Árvores Binárias de Busca,Listas Estáticas Encadeadas,Filas Estáticas,Pilhas,Listas Dinâmicas Duplamente Encadeadas Circulares
Listas Dinâmicas Duplamente Encadeadas,Pilhas Dinâmicas,Listas Dinâmicas Simplesmente Encadeadas,Aplicações de Filas,Filas de Prioridade,Árvores BInárias de Busca Balanceadas,Listas Estáticas,Árvores Binárias,Listas Estáticas Encadeadas,Aplicações de Pilhas,Filas Estáticas,Listas Dinâmicas,Recursividade,Filas Dinâmicas,Filas,Pilhas Estáticas,Listas Estáticas Sequenciais,Pilhas,Tipos Abstratos de Dados,Listas,Listas Dinâmicas Simplesmente Encadeadas Circulares,Listas Dinâmicas Duplamente Encadeadas Circulares,Percursos em Árvores Binárias,Listas Estáticas Circulares,Árvores Binárias de Busca
Filas,Listas Dinâmicas,Listas Estáticas Encadeadas,Listas Dinâmicas Duplamente Encadeadas,Pilhas Dinâmicas,Listas Estáticas Sequenciais,Listas Dinâmicas Duplamente Encadeadas Circulares,Filas Estáticas,Listas Dinâmicas Simplesmente Encadeadas Circulares,Listas Dinâmicas Simplesmente Encadeadas,Árvores BInárias de Busca Balanceadas,Pilhas Estáticas,Aplicações de Pilhas,Listas Estáticas,Pilhas,Percursos em Árvores Binárias,Recursividade,Listas,Tipos Abstratos de Dados,Árvores Binárias de Busca,Árvores Binárias,Listas Estáticas Circulares,Filas de Prioridade,Filas Dinâmicas,Aplicações de Filas
Listas Dinâmicas Simplesmente Encadeadas,Pilhas Estáticas,Listas Estáticas,Listas Dinâmicas Simplesmente Encadeadas Circulares,Filas Estáticas,Listas Estáticas Circulares,Aplicações de Filas,Filas Dinâmicas,Árvores Binárias de Busca,Listas Dinâmicas Duplamente Encadeadas,Árvores BInárias de Busca Balanceadas,Listas Dinâmicas,Recursividade,Listas,Listas Estáticas Sequenciais,Listas Estáticas Encadeadas,Árvores Binárias,Aplicações de Pilhas,Filas de Prioridade,Listas Dinâmicas Duplamente Encadeadas Circulares,Pilhas,Percursos em Árvores Binárias,Pilhas Dinâmicas,Filas,Tipos Abstratos de Dados
Recursividade,Pilhas,Listas Estáticas,Listas,Listas Estáticas Sequenciais,Listas Dinâmicas Duplamente Encadeadas,Listas Dinâmicas Duplamente Encadeadas Circulares,Listas Estáticas Encadeadas,Percursos em Árvores Binárias,Árvores Binárias de Busca,Listas Dinâmicas Simplesmente Encadeadas,Filas de Prioridade,Filas Dinâmicas,Listas Estáticas Circulares,Listas Dinâmicas,Listas Dinâmicas Simplesmente Encadeadas Circulares,Aplicações de Pilhas,Filas,Pilhas Estáticas,Pilhas Dinâmicas,Filas Estáticas,Aplicações de Filas,Tipos Abstratos de Dados,Árvores Binárias,Árvores BInárias de Busca Balanceadas
Filas,Filas Estáticas,Listas Dinâmicas Simplesmente Encadeadas Circulares,Aplicações de Filas,Filas de Prioridade,Pilhas Dinâmicas,Árvores Binárias de Busca,Tipos Abstratos de Dados,Listas Dinâmicas,Recursividade,Pilhas Estáticas,Filas Dinâmicas,Percursos em Árvores Binárias,Árvores BInárias de Busca Balanceadas,Pilhas,Listas,Listas Estáticas Encadeadas,Árvores Binárias,Listas Estáticas Sequenciais,Aplicações de Pilhas,Listas Dinâmicas Duplamente Encadeadas Circulares,Listas Estáticas Circulares,Listas Dinâmicas Simplesmente Encadeadas,Listas Dinâmicas Duplamente Encadeadas,Listas Estáticas
Listas Estáticas,Recursividade,Listas Dinâmicas Simplesmente Encadeadas Circulares,Percursos em Árvores Binárias,Filas,Filas de Prioridade,Listas Dinâmicas Simplesmente Encadeadas,Aplicações de Pilhas,Filas Dinâmicas,Árvores BInárias de Busca Balanceadas,Filas Estáticas,Listas Dinâmicas,Listas Estáticas Sequenciais,Listas Estáticas Circulares,Pilhas Dinâmicas,Tipos Abstratos de Dados,Listas Dinâmicas Duplamente Encadeadas Circulares,Árvores Binárias de Busca,Aplicações de Filas,Pilhas Estáticas,Pilhas,Árvores Binárias,Listas Estáticas Encadeadas,Listas,Listas Dinâmicas Duplamente Encadeadas
Árvores Binárias de Busca,Listas Dinâmicas Simplesmente Encadeadas,Listas Dinâmicas Duplamente Encadeadas,Listas Estáticas Sequenciais,Árvores BInárias de Busca Balanceadas,Listas Dinâmicas Simplesmente Encadeadas Circulares,Pilhas Estáticas,Percursos em Árvores Binárias,Listas Estáticas,Recursividade,Filas,Listas,Árvores Binárias,Aplicações de Pilhas,Filas Dinâmicas,Aplicações de Filas,Listas Estáticas Circulares,Listas Dinâmicas Duplamente Encadeadas Circulares,Pilhas,Tipos Abstratos de Dados,Pilhas Dinâmicas,Listas Estáticas Encadeadas,Filas de Prioridade,Listas Dinâmicas,Filas Estáticas
